Address_ID,Address,City,State,Zipcode,Country
1,3959 Amanda Burgs,Dortmund,Berlin,77985,Germany
2,82072 Dawn Centers,Nottingham,England,99071,UK
3,4133 Young Canyon,Geelong,New South Wales,75929,Australia
4,8148 Thomas Creek Suite 100,Edmonton,Ontario,88420,Canada
5,5813 Lori Ports Suite 269,Bristol,England,48704,UK
6,532 Ashley Crest Suite 014,Brisbane,New South Wales,74430,Australia
7,600 Brian Prairie Suite 497,Kitchener,Ontario,47545,Canada
8,237 Young Curve,Munich,Berlin,86862,Germany
9,8823 Mariah Heights Apt. 263,Wollongong,New South Wales,39820,Australia
10,6225 William Lodge,Cologne,Berlin,64317,Germany
11,9772 Sosa Coves,Portsmouth,England,59280,UK
12,95471 Jerry Hollow Suite 034,Portsmouth,England,91253,UK
13,60629 Jones Villages,Portsmouth,England,38173,UK
14,381 Richard Plaza,Portsmouth,England,32061,UK
15,470 Rodriguez Estate Suite 564,Portsmouth,England,5259,UK
16,3577 Cole Stream Apt. 351,Portsmouth,England,9845,UK
17,93806 Murphy Avenue Apt. 919,Portsmouth,England,84007,UK
18,9856 Meyers Road Apt. 698,Portsmouth,England,91967,UK
19,6048 Charles Lake,Portsmouth,England,82975,UK
20,6048 Charles Knoll Suite 755,Portsmouth,England,3035,UK
21,37402 Williams Stream Apt. 779,Portsmouth,England,29119,UK
22,7467 Henry Port,Portsmouth,England,16385,UK
23,585 Malik Lodge Suite 186,Portsmouth,England,83903,UK
24,6088 Sandra Streets Suite 952,Portsmouth,England,38435,UK
25,424 Patton Parkways Apt. 545,Portsmouth,England,2916,UK
26,753 Rachel Lodge Apt. 514,Portsmouth,England,92862,UK
27,2445 Clayton Spur,Portsmouth,England,30007,UK
28,0777 Rebecca Junctions Apt. 015,Portsmouth,England,14668,UK
29,8306 Daniel Parkways Suite 768,Portsmouth,England,62300,UK
30,62142 Karen Motorway Apt. 324,Portsmouth,England,63093,UK
31,1719 Christina Heights Apt. 614,Portsmouth,England,43602,UK
32,374 Snyder Forges,Portsmouth,England,94428,UK
33,57136 Martha Common Apt. 654,Portsmouth,England,11531,UK
34,881 Beth Branch,Portsmouth,England,55997,UK
35,704 Steven Falls,Portsmouth,England,71994,UK
36,85473 Palmer Island Suite 041,Portsmouth,England,43394,UK
37,890 Brooks Pine,Portsmouth,England,68300,UK
38,61440 Andrew Spurs,Portsmouth,England,15127,UK
39,8887 Alexander Avenue Apt. 947,Portsmouth,England,79514,UK
40,48415 Ferguson Passage,Portsmouth,England,85074,UK
41,416 Angel Manors,Portsmouth,England,42516,UK
42,569 James Heights Suite 460,Portsmouth,England,89908,UK
43,02936 Roy Village,Portsmouth,England,98771,UK
44,0430 Moody Divide Suite 144,Portsmouth,England,35203,UK
45,622 Diana Circle Suite 748,Portsmouth,England,15160,UK
46,489 Kerr Island,Portsmouth,England,12030,UK
47,192 Kimberly Shoals Apt. 984,Portsmouth,England,85340,UK
48,726 Eaton Squares,Portsmouth,England,58226,UK
49,34455 Foster Coves,Portsmouth,England,44399,UK
50,33744 April Lock,Portsmouth,England,14086,UK
51,02019 Meyers Ranch Apt. 226,Portsmouth,England,30346,UK
52,336 Sara Run,Portsmouth,England,27283,UK
53,816 Annette Shoals Suite 901,Portsmouth,England,94747,UK
54,707 Michael View,Portsmouth,England,87547,UK
55,7645 Stewart Mountains,Portsmouth,England,52548,UK
56,28526 Sanders Spurs,Portsmouth,England,15193,UK
57,0517 Bernard Forges,Portsmouth,England,36935,UK
58,55047 Ashley Common Apt. 748,Portsmouth,England,60085,UK
59,55900 Cassandra Hollow,Portsmouth,England,56647,UK
60,01292 Austin Valleys,Portsmouth,England,28089,UK
61,4289 Reed Shoal Suite 250,Portsmouth,England,27018,UK
62,2246 Lindsey Plains,Portsmouth,England,17549,UK
63,21033 Derrick Motorway,Portsmouth,England,57256,UK
64,461 Jefferson Avenue Suite 363,Portsmouth,England,26528,UK
65,88150 Brittany Stravenue,Portsmouth,England,49782,UK
66,9729 Krista Highway,Portsmouth,England,41418,UK
67,100 Jasmine Summit Apt. 567,Portsmouth,England,56239,UK
68,898 Waters Cliff,Portsmouth,England,50405,UK
69,751 Larry Greens,Portsmouth,England,70189,UK
70,9460 Kimberly Vista,Portsmouth,England,64919,UK
71,41769 Brandt Vista,Portsmouth,England,95213,UK
72,49972 Melissa Forges Suite 616,Portsmouth,England,37307,UK
73,51720 Rachael Spurs Suite 283,Portsmouth,England,94447,UK
74,63515 Ross Corner Apt. 945,Portsmouth,England,41990,UK
75,35786 Bolton Tunnel Suite 882,Portsmouth,England,31948,UK
76,324 Jason Station Apt. 372,Portsmouth,England,33334,UK
77,905 Kathryn Unions Apt. 574,Portsmouth,England,39446,UK
78,01641 Williams Mountains Apt. 425,Portsmouth,England,42579,UK
79,37733 John Loop Suite 389,Portsmouth,England,56650,UK
80,1800 Shannon Highway,Portsmouth,England,44803,UK
81,591 Adam Haven Suite 318,Portsmouth,England,2493,UK
82,471 Graham Islands Suite 333,Portsmouth,England,82213,UK
83,1800 Singh Centers Apt. 560,Portsmouth,England,75941,UK
84,0851 Frazier Isle,Portsmouth,England,56265,UK
85,2856 Steven Crossroad Apt. 393,Portsmouth,England,50743,UK
86,705 Hanna Loaf Apt. 029,Portsmouth,England,70549,UK
87,466 Sydney Turnpike Apt. 375,Portsmouth,England,2566,UK
88,3688 Philip Landing Apt. 762,Portsmouth,England,41316,UK
89,886 Thompson Island Apt. 302,Portsmouth,England,50121,UK
90,4867 Bush Islands Suite 780,Portsmouth,England,52638,UK
91,0888 Eric Ridge,Portsmouth,England,30472,UK
92,576 Parrish Mountains Suite 562,Portsmouth,England,13755,UK
93,48449 Cynthia Points Apt. 781,Portsmouth,England,27737,UK
94,571 Samuel Wall Apt. 895,Portsmouth,England,24895,UK
95,63725 Jessica Prairie,Portsmouth,England,98138,UK
96,253 Shea Manors,Portsmouth,England,25048,UK
97,1828 Andrea Isle,Portsmouth,England,90371,UK
98,919 Williams River,Portsmouth,England,39093,UK
99,428 Anthony Village Suite 371,Portsmouth,England,89665,UK
100,9980 Bryant Road,Portsmouth,England,84238,UK
101,3593 Allen Meadow Suite 449,Portsmouth,England,19394,UK
102,405 Robert Estate Apt. 428,Portsmouth,England,18758,UK
103,2422 Jackson Rapid Apt. 062,Portsmouth,England,36037,UK
104,9600 Lisa Viaduct Apt. 811,Portsmouth,England,56223,UK
105,67273 Michelle Well,Portsmouth,England,21841,UK
106,7847 Susan Brook Apt. 282,Portsmouth,England,4485,UK
107,9610 Adams Unions Apt. 748,Portsmouth,England,62033,UK
108,0741 Morales Estates Suite 639,Portsmouth,England,69785,UK
109,904 Lopez Haven Apt. 073,Portsmouth,England,4692,UK
110,5028 Tammy Brook,Portsmouth,England,97711,UK
111,9126 Turner Trail Suite 364,Portsmouth,England,5563,UK
112,2488 Barry Lake,Portsmouth,England,59954,UK
113,612 Marie Course Suite 432,Portsmouth,England,96985,UK
114,4169 Robert Lodge,Portsmouth,England,67486,UK
115,0145 Aaron Junction Suite 500,Portsmouth,England,10430,UK
116,46650 Melissa Plains Apt. 683,Portsmouth,England,22156,UK
117,16068 Calderon Stravenue Apt. 565,Portsmouth,England,92972,UK
118,15297 Ryan Ports Apt. 326,Portsmouth,England,12407,UK
119,92057 Jennifer Canyon,Portsmouth,England,63564,UK
120,11313 Steven Place Apt. 141,Portsmouth,England,72362,UK
121,428 Kelley Stravenue Suite 893,Portsmouth,England,63355,UK
122,402 Wood Neck,Portsmouth,England,31473,UK
123,06146 John Loop,Portsmouth,England,90871,UK
124,69821 Beard Locks,Portsmouth,England,25474,UK
125,1602 Michelle Junction,Portsmouth,England,1310,UK
126,184 Jonathan Pike Suite 510,Portsmouth,England,30731,UK
127,57941 Osborne Ferry Apt. 927,Portsmouth,England,11524,UK
128,65518 Washington Meadows Suite 036,Portsmouth,England,92972,UK
129,38088 Molly Landing,Portsmouth,England,85049,UK
130,687 John Avenue,Portsmouth,England,77593,UK
131,649 Thompson Ports,Portsmouth,England,55340,UK
132,107 Todd Neck,Portsmouth,England,82397,UK
133,9381 Keller Lock,Portsmouth,England,89333,UK
134,911 Preston Isle,Portsmouth,England,52069,UK
135,94813 Kevin Cove,Portsmouth,England,84015,UK
136,226 Martinez Turnpike,Portsmouth,England,5129,UK
137,0699 Ramirez Brooks Suite 096,Portsmouth,England,82804,UK
138,801 David Parks Apt. 150,Portsmouth,England,71615,UK
139,3291 Theresa Ridges,Portsmouth,England,4267,UK
140,746 Bruce Glens,Portsmouth,England,88500,UK
141,019 Ross Burg Suite 949,Portsmouth,England,80499,UK
142,465 Stephenson Shoals,Portsmouth,England,54259,UK
143,432 Raven Terrace,Portsmouth,England,69649,UK
144,4011 Evans Plaza Suite 716,Portsmouth,England,9715,UK
145,6989 Shannon Mountain,Portsmouth,England,88520,UK
146,027 Matthew Walks,Portsmouth,England,60278,UK
147,332 James Crescent,Portsmouth,England,58845,UK
148,8990 Suarez Corner,Portsmouth,England,8337,UK
149,3147 Ramirez Turnpike Suite 535,Portsmouth,England,55073,UK
150,39861 Torres Court,Portsmouth,England,19707,UK
151,3720 Matthew Ville Suite 453,Portsmouth,England,42573,UK
152,66041 Adams Extensions Suite 970,Portsmouth,England,6258,UK
153,468 Norton Squares,Portsmouth,England,33978,UK
154,1540 Erin Trail Apt. 309,Portsmouth,England,37106,UK
155,984 Wagner Inlet Suite 023,Portsmouth,England,25579,UK
156,6928 Scott Motorway,Portsmouth,England,20819,UK
157,92779 Brent Ridge,Portsmouth,England,87385,UK
158,09308 Catherine Mountains Apt. 936,Portsmouth,England,10334,UK
159,2616 Pratt Estates,Portsmouth,England,56517,UK
160,0288 Jennifer Spurs Suite 207,Portsmouth,England,24786,UK
161,5097 Mcguire Crescent Suite 804,Portsmouth,England,51550,UK
162,986 Melissa Mountain,Portsmouth,England,49241,UK
163,2512 Murray Ports Suite 342,Portsmouth,England,13503,UK
164,01812 Sheryl Streets Suite 856,Portsmouth,England,82378,UK
165,695 Woodward Ville,Portsmouth,England,21339,UK
166,8371 Amy Bridge,Portsmouth,England,55590,UK
167,959 Andrews Shoals,Portsmouth,England,57779,UK
168,992 Dunn Tunnel,Portsmouth,England,64222,UK
169,3188 Jessica Prairie Suite 544,Portsmouth,England,52378,UK
170,4189 Martinez Neck,Portsmouth,England,68129,UK
171,15302 Perez Parkways Apt. 638,Portsmouth,England,2952,UK
172,120 Moody Lane,Portsmouth,England,32951,UK
173,649 Reid Radial Suite 875,Portsmouth,England,84303,UK
174,9600 Brandon Centers,Portsmouth,England,87209,UK
175,54835 Jon Viaduct Suite 484,Portsmouth,England,527,UK
176,513 Porter Fields Suite 094,Portsmouth,England,46942,UK
177,0371 Lopez Ridges,Portsmouth,England,73280,UK
178,149 Osborne Plaza Apt. 241,Portsmouth,England,76631,UK
179,99611 Bruce Way,Portsmouth,England,56037,UK
180,9482 Valenzuela Manor,Portsmouth,England,10435,UK
181,518 Pamela Way Apt. 767,Portsmouth,England,66627,UK
182,9463 Paula Loop Apt. 595,Portsmouth,England,97293,UK
183,825 Oscar Road,Portsmouth,England,64925,UK
184,667 Fletcher Fords Suite 934,Portsmouth,England,27250,UK
185,636 Matthew Wall Apt. 909,Portsmouth,England,44582,UK
186,6161 Suzanne Stravenue Suite 155,Portsmouth,England,46157,UK
187,718 Carlos Dam Suite 242,Portsmouth,England,82197,UK
188,609 Evans Landing Suite 544,Portsmouth,England,58419,UK
189,89423 Kenneth Trafficway,Portsmouth,England,83465,UK
190,201 Day Crossroad Apt. 649,Portsmouth,England,63490,UK
191,69315 Penny Via,Portsmouth,England,83410,UK
192,38891 Carter Village Suite 393,Portsmouth,England,81973,UK
193,948 Parrish Forest,Portsmouth,England,5301,UK
194,63128 Dan Valley,Portsmouth,England,97514,UK
195,620 Michael Ports Apt. 971,Portsmouth,England,81658,UK
196,9365 Rebecca Parks Suite 823,Portsmouth,England,3385,UK
197,2195 Campbell Plaza Apt. 471,Portsmouth,England,43616,UK
198,55530 Richardson Glens Apt. 136,Portsmouth,England,83701,UK
199,69980 Moran Shoal Apt. 548,Portsmouth,England,64846,UK
200,09626 Sherry Mews,Portsmouth,England,51413,UK
201,7780 Duncan Grove,Portsmouth,England,48894,UK
202,97205 Oconnor Overpass,Portsmouth,England,53317,UK
203,2036 Guerra Fork Suite 737,Portsmouth,England,35923,UK
204,0871 Jessica Street Suite 008,Portsmouth,England,86213,UK
205,0676 Michael Ramp Suite 239,Portsmouth,England,66320,UK
206,08713 Miller Via,Portsmouth,England,54287,UK
207,7217 Jose Road,Portsmouth,England,91706,UK
208,57276 Sabrina Shore Suite 181,Portsmouth,England,66628,UK
209,120 Heather Glen,Portsmouth,England,35837,UK
210,1364 Casey Brook Suite 260,Portsmouth,England,51183,UK
211,0130 Simmons Ports,Portsmouth,England,38193,UK
212,704 Anna Mountains,Portsmouth,England,75595,UK
213,85219 Jennifer Brook Apt. 210,Portsmouth,England,1335,UK
214,3379 Albert Path Apt. 457,Portsmouth,England,13123,UK
215,4535 Nicolas Field,Portsmouth,England,68094,UK
216,6755 Dickson Ranch,Portsmouth,England,4345,UK
217,903 Nguyen Ports,Portsmouth,England,46989,UK
218,5674 Coleman Meadow,Portsmouth,England,50821,UK
219,6902 Nancy Crossing Suite 179,Portsmouth,England,89921,UK
220,8053 Simpson Meadows,Portsmouth,England,81199,UK
221,792 Jermaine Cape,Portsmouth,England,37290,UK
222,078 Fisher Mission,Portsmouth,England,51758,UK
223,05640 Monica Alley,Portsmouth,England,96885,UK
224,4801 Sherri Stravenue Suite 897,Portsmouth,England,58261,UK
225,04409 Johnson Corners,Portsmouth,England,42405,UK
226,92421 Stephen Fords Apt. 034,Portsmouth,England,19925,UK
227,52641 Lauren Square,Portsmouth,England,70257,UK
228,717 Cain Fall Apt. 316,Portsmouth,England,35346,UK
229,809 Joanna Dale,Portsmouth,England,25257,UK
230,5637 Kayla Freeway Suite 225,Portsmouth,England,35821,UK
231,94499 Jessica Extension Apt. 769,Portsmouth,England,14443,UK
232,751 Stone Burgs Apt. 888,Portsmouth,England,54882,UK
233,294 Palmer Inlet Apt. 966,Portsmouth,England,51469,UK
234,778 Jacob Brook,Portsmouth,England,96807,UK
235,9903 John Street Apt. 166,Portsmouth,England,51754,UK
236,494 Scott Streets Apt. 578,Portsmouth,England,6090,UK
237,88911 Mark Shores,Portsmouth,England,56629,UK
238,79437 Harper Knolls Suite 365,Portsmouth,England,87260,UK
239,8056 Reid Overpass Apt. 406,Portsmouth,England,79477,UK
240,042 Katie Underpass Suite 931,Portsmouth,England,56061,UK
241,86436 Tiffany Row,Portsmouth,England,3518,UK
242,07762 Linda Garden Suite 524,Portsmouth,England,18067,UK
243,235 Anderson Green Suite 345,Portsmouth,England,71403,UK
244,83347 Adam Turnpike,Portsmouth,England,71351,UK
245,85868 Cook Stravenue Apt. 866,Portsmouth,England,61550,UK
246,180 Michael Neck Suite 986,Portsmouth,England,84110,UK
247,66871 James Vista Suite 840,Portsmouth,England,20893,UK
248,37915 David Wells,Portsmouth,England,69665,UK
249,9365 Alex Drive,Portsmouth,England,83604,UK
250,4740 Mercer Hill Apt. 788,Portsmouth,England,36658,UK
251,7954 Megan Burg,Portsmouth,England,15577,UK
252,477 Jacob Mountain Suite 603,Portsmouth,England,70723,UK
253,7709 Lara Ways Apt. 340,Portsmouth,England,37993,UK
254,98616 Brown Shores Suite 859,Portsmouth,England,70788,UK
255,1376 Lee Haven,Portsmouth,England,40557,UK
256,28775 Dean Spring Suite 941,Portsmouth,England,1468,UK
257,69264 Combs Ports,Portsmouth,England,21819,UK
258,1817 Theodore Cliffs,Portsmouth,England,99648,UK
259,01134 Wright Circles Apt. 031,Portsmouth,England,63605,UK
260,30124 Gordon Knolls Suite 242,Portsmouth,England,67021,UK
261,26672 Rodriguez Roads,Portsmouth,England,47091,UK
262,8893 Williams Loaf,Portsmouth,England,85707,UK
263,658 Louis Courts Apt. 000,Portsmouth,England,72704,UK
264,2212 Moss Ports Apt. 070,Portsmouth,England,54251,UK
265,30631 James Forge,Portsmouth,England,33080,UK
266,877 Megan Hollow,Portsmouth,England,36037,UK
267,44760 Aaron Park Suite 820,Portsmouth,England,43622,UK
268,04327 Jennifer Freeway Apt. 498,Portsmouth,England,16096,UK
269,7248 Jennifer Fall,Portsmouth,England,25837,UK
270,84701 Emily Shores Suite 007,Portsmouth,England,37727,UK
271,084 Hart Ports Apt. 483,Portsmouth,England,7376,UK
272,585 Thompson Drives Suite 308,Portsmouth,England,85422,UK
273,27984 Potter Wells,Portsmouth,England,12602,UK
274,471 Winters Flats,Portsmouth,England,79489,UK
275,965 Russell Squares,Portsmouth,England,80588,UK
276,1593 Hughes Pine,Portsmouth,England,3918,UK
277,18882 Rebecca Place,Portsmouth,England,47233,UK
278,001 Kimberly Vista,Portsmouth,England,15988,UK
279,2646 Brooks Mountain,Portsmouth,England,2699,UK
280,25148 Brown Passage Suite 732,Portsmouth,England,96657,UK
281,553 Barrett Shoals,Portsmouth,England,24421,UK
282,100 Lawrence Forest Apt. 935,Portsmouth,England,68501,UK
283,24894 Molly Curve Suite 538,Portsmouth,England,78921,UK
284,44400 Howell Groves,Portsmouth,England,33145,UK
285,23549 James Ridges,Portsmouth,England,44057,UK
286,8851 Johnson Lights,Portsmouth,England,93289,UK
287,650 Kristin Pike,Portsmouth,England,60126,UK
288,32318 Andrea Courts,Portsmouth,England,84023,UK
289,620 Williams Roads,Portsmouth,England,33107,UK
290,608 Burton Spurs Apt. 380,Portsmouth,England,39599,UK
291,48021 Collins Mill Suite 436,Portsmouth,England,73464,UK
292,63210 Karen Unions Suite 845,Portsmouth,England,43248,UK
293,4897 April Lodge Suite 562,Portsmouth,England,8167,UK
294,34722 Curtis Squares,Portsmouth,England,71852,UK
295,0204 Higgins Stravenue Suite 246,Portsmouth,England,18452,UK
296,70892 Andrea View Apt. 497,Portsmouth,England,92438,UK
297,52144 Megan Causeway Apt. 943,Portsmouth,England,80864,UK
298,28815 Gwendolyn Unions,Portsmouth,England,81579,UK
299,551 Vaughn Alley,Portsmouth,England,76664,UK
300,81671 Julia Camp Apt. 054,Portsmouth,England,9070,UK
301,313 Peterson Spurs Apt. 861,Portsmouth,England,28005,UK
302,079 Mcbride Wells,Portsmouth,England,19194,UK
303,5175 Andrew Pines,Portsmouth,England,98815,UK
304,3028 Hart Rapid Apt. 351,Portsmouth,England,57721,UK
305,550 Ryan Forks Apt. 273,Portsmouth,England,13419,UK
306,33062 Brian Mews Suite 686,Portsmouth,England,1985,UK
307,82129 Tony Flat Suite 562,Portsmouth,England,51935,UK
308,5498 Emily Harbors,Portsmouth,England,79456,UK
309,880 Cynthia Cliffs,Portsmouth,England,3089,UK
310,3861 Crystal Roads,Portsmouth,England,84722,UK
311,4956 Rebecca Lake,Portsmouth,England,52334,UK
312,42969 Stevens Island,Portsmouth,England,73398,UK
313,6510 Christopher Trafficway Apt. 594,Portsmouth,England,7853,UK
314,847 Smith Villages Apt. 777,Portsmouth,England,41429,UK
315,351 Taylor Forge,Portsmouth,England,38647,UK
316,6007 Jones Crossroad Apt. 487,Portsmouth,England,8454,UK
317,12532 Raymond Mews,Portsmouth,England,50529,UK
318,3295 Andrew Courts,Portsmouth,England,88730,UK
319,819 Antonio Via Suite 388,Portsmouth,England,3775,UK
320,59791 Kaitlin Route,Portsmouth,England,60324,UK
321,00001 Jones Views,Portsmouth,England,76359,UK
322,850 Lee Lights Suite 501,Portsmouth,England,52036,UK
323,89016 Clark Ramp Apt. 394,Portsmouth,England,98542,UK
324,0120 Sanchez Wall,Portsmouth,England,36066,UK
325,677 Daniel Rapids Suite 166,Portsmouth,England,81478,UK
326,836 Robyn Forks,Portsmouth,England,47388,UK
327,46503 Gutierrez Land,Portsmouth,England,75865,UK
328,42547 Crystal Field Suite 309,Portsmouth,England,3348,UK
329,6099 Karen Common Apt. 735,Portsmouth,England,34302,UK
330,30889 Branch Forge Suite 620,Portsmouth,England,61146,UK
331,4963 Mark River Apt. 160,Portsmouth,England,16320,UK
332,00197 Logan Ranch,Portsmouth,England,48783,UK
333,9105 Thomas Springs,Portsmouth,England,95432,UK
334,79664 Chang Brooks,Portsmouth,England,78174,UK
335,89607 Leah Bridge,Portsmouth,England,91558,UK
336,4263 Samuel Fields,Portsmouth,England,35694,UK
337,4468 Terry Trafficway Apt. 823,Portsmouth,England,26901,UK
338,520 Briana Lane Apt. 127,Portsmouth,England,54339,UK
339,515 Seth Wells Apt. 262,Portsmouth,England,55692,UK
340,1791 Cortez Ridge,Portsmouth,England,57333,UK
341,6471 Jeffrey Land,Portsmouth,England,63049,UK
342,56060 Hanna Pass Suite 432,Portsmouth,England,78091,UK
343,2258 Robertson Hills Suite 461,Portsmouth,England,4932,UK
344,50589 Hanson Tunnel,Portsmouth,England,75554,UK
345,28311 Tara Divide Apt. 429,Portsmouth,England,24571,UK
346,4140 Veronica Prairie Suite 454,Portsmouth,England,59167,UK
347,993 Harmon Stravenue Suite 132,Portsmouth,England,61349,UK
348,10844 Wright Vista Apt. 036,Portsmouth,England,38030,UK
349,611 Aaron Loop Suite 960,Portsmouth,England,3233,UK
350,883 Williams Stravenue Apt. 830,Portsmouth,England,21015,UK
351,0051 Christina Harbors Apt. 721,Portsmouth,England,96613,UK
352,333 Justin Rest Apt. 122,Portsmouth,England,72179,UK
353,387 Campbell Circles,Portsmouth,England,41657,UK
354,168 James Light,Portsmouth,England,57949,UK
355,569 Booker Forks,Portsmouth,England,38295,UK
356,887 Cooper Shoals Suite 557,Portsmouth,England,54468,UK
357,6474 Mary Manor,Portsmouth,England,40450,UK
358,44461 Ward Brook,Portsmouth,England,22735,UK
359,1800 Richard Loop,Portsmouth,England,23513,UK
360,7099 Powers Via Apt. 552,Portsmouth,England,50967,UK
361,717 Natalie Springs,Portsmouth,England,48763,UK
362,000 Jon Inlet Apt. 741,Portsmouth,England,80567,UK
363,649 Samantha Viaduct Apt. 497,Portsmouth,England,81755,UK
364,949 Shelly Run Apt. 966,Portsmouth,England,85998,UK
365,79966 Gutierrez Common Apt. 179,Portsmouth,England,2072,UK
366,1047 Olivia Ways,Portsmouth,England,57879,UK
367,20196 Simmons Island Apt. 780,Portsmouth,England,24852,UK
368,6873 Jennifer Common,Portsmouth,England,58179,UK
369,74389 Lance Fall,Portsmouth,England,61647,UK
370,7378 Chapman Hill,Portsmouth,England,74127,UK
371,08667 Joy Plaza,Portsmouth,England,63787,UK
372,814 Christopher Corners,Portsmouth,England,73191,UK
373,7910 Mills Village,Portsmouth,England,90212,UK
374,7654 Scott Cliffs,Portsmouth,England,45013,UK
375,9417 Jared Vista,Portsmouth,England,53644,UK
376,52716 Craig Harbors Apt. 946,Portsmouth,England,35006,UK
377,347 Anderson Street Apt. 678,Portsmouth,England,96812,UK
378,4220 David Orchard Apt. 636,Portsmouth,England,84707,UK
379,70107 Tara Neck,Portsmouth,England,83612,UK
380,51620 Bright Parkways Suite 588,Portsmouth,England,89081,UK
381,6927 Miller Street Suite 590,Portsmouth,England,7283,UK
382,384 Monique Causeway,Portsmouth,England,25328,UK
383,05182 Wolfe Views Apt. 527,Portsmouth,England,42781,UK
384,56324 Orozco Plaza,Portsmouth,England,72695,UK
385,740 Rodriguez Way,Portsmouth,England,50331,UK
386,5316 Ruiz Via,Portsmouth,England,10893,UK
387,3586 John Mission,Portsmouth,England,76165,UK
388,1152 Bowman Parks Suite 516,Portsmouth,England,96046,UK
389,24622 Rice View,Portsmouth,England,33291,UK
390,592 Jacob Groves Suite 528,Portsmouth,England,86955,UK
391,04054 Davis Trail Apt. 837,Portsmouth,England,69547,UK
392,39547 Garcia Mountains,Portsmouth,England,47477,UK
393,77171 Yu Square,Portsmouth,England,65175,UK
394,7968 Martinez Branch Apt. 942,Portsmouth,England,38797,UK
395,272 Fletcher Fork Suite 213,Portsmouth,England,25544,UK
396,5914 Vargas Loop Apt. 416,Portsmouth,England,4681,UK
397,778 Ortega Ways,Portsmouth,England,96260,UK
398,18265 Isaiah Junction,Portsmouth,England,43517,UK
399,3072 Leon Wall,Portsmouth,England,73780,UK
400,7879 Joseph Loop Suite 667,Portsmouth,England,19385,UK
401,7386 Delacruz Lock,Portsmouth,England,47009,UK
402,603 Holt Prairie Apt. 281,Portsmouth,England,19860,UK
403,25035 Harvey Junctions Suite 888,Portsmouth,England,81398,UK
404,76421 Tran Vista,Portsmouth,England,31495,UK
405,3534 Moreno Fork,Portsmouth,England,66129,UK
406,573 Walton Bridge,Portsmouth,England,85497,UK
407,871 Roberts Park,Portsmouth,England,94810,UK
408,877 Carly Islands,Portsmouth,England,28827,UK
409,6233 Lewis Plains,Portsmouth,England,25222,UK
410,832 Mary Circle Suite 710,Portsmouth,England,44106,UK
411,8763 Coleman Rue Suite 705,Portsmouth,England,46958,UK
412,5817 Allen Burgs Apt. 737,Portsmouth,England,3936,UK
413,158 Caldwell Bypass,Portsmouth,England,88693,UK
414,556 Matthew Burgs Apt. 821,Portsmouth,England,29360,UK
415,9508 Johnson Valleys Apt. 472,Portsmouth,England,3675,UK
416,45097 Olivia Plains,Portsmouth,England,8899,UK
417,9296 Nicholas Spring Suite 332,Portsmouth,England,47035,UK
418,90110 Frazier Summit Apt. 164,Portsmouth,England,37574,UK
419,37110 Danielle Plains,Portsmouth,England,37502,UK
420,0921 Alexis Trail,Portsmouth,England,40672,UK
421,29210 Robert Drive Suite 993,Portsmouth,England,89556,UK
422,42688 Jones Circles,Portsmouth,England,37438,UK
423,615 Lauren Mills Suite 642,Portsmouth,England,46404,UK
424,15339 Dyer Island Apt. 489,Portsmouth,England,89307,UK
425,99341 Christopher Shore Apt. 637,Portsmouth,England,83590,UK
426,26183 Clark Roads,Portsmouth,England,83809,UK
427,1937 Norris Green,Portsmouth,England,28558,UK
428,07982 Scott Fields Suite 652,Portsmouth,England,1536,UK
429,882 Alexander Crossing Apt. 571,Portsmouth,England,23778,UK
430,610 Owens Parkway,Portsmouth,England,83980,UK
431,92713 Christine Meadows Apt. 884,Portsmouth,England,16933,UK
432,5157 Juan Summit Suite 470,Portsmouth,England,20816,UK
433,8199 Gonzalez Oval,Portsmouth,England,57497,UK
434,24572 Monica Views Apt. 956,Portsmouth,England,47672,UK
435,5467 Aguilar Unions,Portsmouth,England,95009,UK
436,027 Carroll Vista Suite 413,Portsmouth,England,20248,UK
437,8795 Stark Common Suite 406,Portsmouth,England,41139,UK
438,91972 Randolph Locks,Portsmouth,England,98403,UK
439,97422 Clark Island Suite 319,Portsmouth,England,99729,UK
440,703 Lucas Gateway,Portsmouth,England,55706,UK
441,8500 Travis Drives Apt. 780,Portsmouth,England,61688,UK
442,1370 Meyer Lodge Suite 949,Portsmouth,England,83868,UK
443,780 Joseph Walk,Portsmouth,England,77772,UK
444,451 Philip Crossroad Suite 584,Portsmouth,England,93742,UK
445,5298 Christopher Run Suite 045,Portsmouth,England,72512,UK
446,5187 Thomas Orchard Apt. 171,Portsmouth,England,27060,UK
447,823 Newman Prairie,Portsmouth,England,54989,UK
448,8881 Edward Lock,Portsmouth,England,28777,UK
449,300 Carter Ways,Portsmouth,England,7140,UK
450,45435 Duarte Hollow,Portsmouth,England,38727,UK
451,047 Miller Cove Suite 774,Portsmouth,England,66616,UK
452,6766 Perry Landing,Portsmouth,England,99314,UK
453,4041 Elizabeth Via,Portsmouth,England,13215,UK
454,5940 Angela Lakes Suite 947,Portsmouth,England,46114,UK
455,406 Aguilar Ferry,Portsmouth,England,12192,UK
456,9328 William Mount Apt. 929,Portsmouth,England,3424,UK
457,624 Castro Passage Suite 162,Portsmouth,England,59190,UK
458,0830 Joseph Knolls,Portsmouth,England,16447,UK
459,13780 Sara Ridges,Portsmouth,England,43881,UK
460,680 Hanson Parks,Portsmouth,England,22679,UK
461,066 Velasquez Wells,Portsmouth,England,75886,UK
462,25985 Matthew Shore Apt. 826,Portsmouth,England,37717,UK
463,6929 Terri Turnpike Apt. 943,Portsmouth,England,55148,UK
464,4919 Stevens Islands,Portsmouth,England,42633,UK
465,5362 Underwood Ferry Suite 697,Portsmouth,England,96749,UK
466,2006 Dan Walks,Portsmouth,England,58730,UK
467,05103 Brandon Mission Suite 416,Portsmouth,England,17293,UK
468,15421 Frederick Village,Portsmouth,England,96954,UK
469,424 Emma Fork,Portsmouth,England,39309,UK
470,30234 John Parks,Portsmouth,England,77111,UK
471,62462 Andrew Stream Apt. 538,Portsmouth,England,6046,UK
472,22516 Dickson Forest Suite 304,Portsmouth,England,89814,UK
473,25654 Mary Lodge,Portsmouth,England,95879,UK
474,7061 Weeks Cliffs,Portsmouth,England,2587,UK
475,16511 Bruce Valleys,Portsmouth,England,59522,UK
476,2077 Campbell Pines Suite 551,Portsmouth,England,78411,UK
477,6374 Brian Forks,Portsmouth,England,77155,UK
478,920 Roberts Vista Suite 073,Portsmouth,England,40773,UK
479,63113 Cox Underpass,Portsmouth,England,43516,UK
480,38327 Smith Port Suite 210,Portsmouth,England,67021,UK
481,576 Long Court Apt. 604,Portsmouth,England,60674,UK
482,4870 Ferguson Square,Portsmouth,England,48880,UK
483,847 Cunningham Island Suite 741,Portsmouth,England,2847,UK
484,70194 Doyle Squares,Portsmouth,England,84473,UK
485,9574 Heath Points Apt. 765,Portsmouth,England,10616,UK
486,95852 Tara Lake Apt. 850,Portsmouth,England,27752,UK
487,95458 Amber Rapids Apt. 246,Portsmouth,England,12624,UK
488,514 Sarah Drive Apt. 189,Portsmouth,England,40326,UK
489,8412 Porter Underpass Apt. 598,Portsmouth,England,9274,UK
490,74192 Wagner Ranch Suite 611,Portsmouth,England,29643,UK
491,4333 Amy Stream Suite 779,Portsmouth,England,13832,UK
492,43733 Simpson Court,Portsmouth,England,45565,UK
493,9874 Mays Viaduct,Portsmouth,England,30659,UK
494,866 Collins Lake Suite 532,Portsmouth,England,10200,UK
495,14840 Johnson Rapids Suite 971,Portsmouth,England,39384,UK
496,405 Carrie Stravenue,Portsmouth,England,12747,UK
497,18077 Martin Mount Suite 334,Portsmouth,England,13668,UK
498,832 Anderson Shoal,Portsmouth,England,26727,UK
499,0854 Jacqueline Bypass Apt. 382,Portsmouth,England,55107,UK
500,22583 King Village Suite 629,Portsmouth,England,43636,UK
